"Name","Date","Students"
"LMNOP","20/11/2021","   sandeep2016shah@gmail.com => Pass"
"PQRS","10/20/2021",""
"KLMNOP","10/20/2021",""
"LMNOPXYZ","20/11/2021","   sandeep2016shah@gmail.com => Pass"
"TCS","11/20/2021","   sandeep2016shah@gmail.com => undefined"
"qwertyuio","20/11/2021","   sandeep2016shah@gmail.com => undefined"
"asdfghjkl","20/12/2021","   sandeep2016shah@gmail.com => Didn't Attend"
"zxcvasdfwer","1/1/2021","   sandeep2016shah@gmail.com => Didn't Attend"
"pl,okjnijhb","1/1/12","   sandeep2016shah@gmail.com => Didn't Attend"
"Shah","20/12/21","   sandeep2016shah@gmail.com => Didn't Attend"
"SandeepShah","20/2/26","   sandeep2016shah@gmail.com => Didn't Attend"
"asdfgertnb","21/12/25","   sandeep2016shah@gmail.com => Didn't Attend"
"trp","2","   sandeep2016shah@gmail.com => Didn't Attend"
"l,nko","32","   sandeep2016shah@gmail.com => Didn't Attend"
"hua","1","   sandeep2016shah@gmail.com => Didn't Attend"
"done","1","   sandeep2016shah@gmail.com => Didn't Attend"
"Really","1","   sandeep2016shah@gmail.com => Didn't Attend"
"pqrs","1","   sandeepshah@gmail.com => Didn't Attend"
"ShahKumar","1",""
"Kumar Shah","5",""
"ShahXYZ","5",""
"ShahXYZA","5",""
"Kumar Shah ABCD","5",""
"asdfghjyujk","9",""
"Alok","5","   sandeep2016shah@gmail.com => Didn't Attend,   dasdfghj => Didn't Attend"
"TCStyu","21/12/21",""